timestamp,equipment_id,setor,temperatura,vibracao,pressao,status
2026-05-09 16:24:42.683738,TR-01,ferrovia,88,3.25,61,normal
2026-05-09 16:23:42.683738,TR-01,pelotizacao,79,4.46,54,critico
2026-05-09 16:22:42.683738,TR-01,pelotizacao,66,4.06,30,critico
2026-05-09 16:21:42.683738,CR-01,porto,74,3.88,89,normal
2026-05-09 16:20:42.683738,TR-02,porto,77,2.32,29,normal
2026-05-09 16:19:42.683738,TR-01,porto,77,1.49,26,normal
2026-05-09 16:18:42.683738,TR-02,pelotizacao,101,4.96,21,critico
2026-05-09 16:17:42.683738,TR-01,porto,118,2.62,20,critico
2026-05-09 16:16:42.683738,TR-01,pelotizacao,106,0.87,24,critico
2026-05-09 16:15:42.683738,CR-01,porto,91,4.3,42,critico
2026-05-09 16:14:42.683738,TR-02,porto,97,1.98,23,normal
2026-05-09 16:13:42.683738,TR-01,porto,120,4.86,47,critico
2026-05-09 16:12:42.683738,CV-01,pelotizacao,67,3.29,98,normal
2026-05-09 16:11:42.683738,CV-01,ferrovia,65,0.21,51,normal
2026-05-09 16:10:42.683738,CV-01,pelotizacao,79,2.92,59,normal
2026-05-09 16:09:42.683738,CV-01,pelotizacao,69,2.02,55,normal
2026-05-09 16:08:42.683738,CR-01,pelotizacao,113,2.57,51,critico
2026-05-09 16:07:42.683738,TR-02,porto,105,1.5,99,critico
2026-05-09 16:06:42.683738,CV-01,porto,116,4.22,40,critico
2026-05-09 16:05:42.683738,TR-02,pelotizacao,99,2.56,55,normal
2026-05-09 16:04:42.683738,TR-02,ferrovia,100,0.65,55,normal
2026-05-09 16:03:42.683738,TR-01,pelotizacao,107,1.91,91,critico
2026-05-09 16:02:42.683738,CR-01,pelotizacao,83,3.01,54,normal
2026-05-09 16:01:42.683738,CR-01,ferrovia,81,0.67,50,normal
2026-05-09 16:00:42.683738,CV-01,pelotizacao,108,1.05,35,critico
2026-05-09 15:59:42.683738,TR-01,ferrovia,75,3.47,30,normal
2026-05-09 15:58:42.683738,CR-01,ferrovia,86,2.92,47,normal
2026-05-09 15:57:42.683738,CR-01,porto,71,2.42,31,normal
2026-05-09 15:56:42.683738,CR-01,ferrovia,61,1.87,60,normal
2026-05-09 15:55:42.683738,TR-01,ferrovia,68,4.31,41,critico
2026-05-09 15:54:42.683738,CR-01,ferrovia,63,4.81,49,critico
2026-05-09 15:53:42.683738,TR-02,porto,81,2.03,51,normal
2026-05-09 15:52:42.683738,TR-01,pelotizacao,72,3.28,38,normal
2026-05-09 15:51:42.683738,CV-01,pelotizacao,104,2.34,83,critico
2026-05-09 15:50:42.683738,CR-01,porto,107,3.85,99,critico
2026-05-09 15:49:42.683738,CR-01,ferrovia,72,4.08,99,critico
2026-05-09 15:48:42.683738,CV-01,porto,103,4.53,73,critico
2026-05-09 15:47:42.683738,TR-01,ferrovia,87,4.61,39,critico
2026-05-09 15:46:42.683738,TR-02,ferrovia,71,0.33,84,normal
2026-05-09 15:45:42.683738,CV-01,pelotizacao,83,1.02,45,normal
2026-05-09 15:44:42.683738,CV-01,porto,76,3.27,72,normal
2026-05-09 15:43:42.683738,TR-02,ferrovia,71,4.44,22,critico
2026-05-09 15:42:42.683738,CR-01,porto,99,3.34,78,normal
2026-05-09 15:41:42.683738,CV-01,ferrovia,89,3.14,52,normal
2026-05-09 15:40:42.683738,CV-01,porto,81,1.21,42,normal
2026-05-09 15:39:42.683738,TR-01,ferrovia,97,2.91,37,normal
2026-05-09 15:38:42.683738,CV-01,pelotizacao,74,1.2,96,normal
2026-05-09 15:37:42.683738,TR-02,porto,71,3.22,53,normal
2026-05-09 15:36:42.683738,TR-02,pelotizacao,116,1.61,72,critico
2026-05-09 15:35:42.683738,TR-01,ferrovia,88,1.18,42,normal
2026-05-09 15:34:42.683738,TR-01,porto,78,4.56,67,critico
2026-05-09 15:33:42.683738,CR-01,pelotizacao,100,3.38,76,normal
2026-05-09 15:32:42.683738,CR-01,ferrovia,96,4.28,61,critico
2026-05-09 15:31:42.683738,CR-01,pelotizacao,99,3.62,22,normal
2026-05-09 15:30:42.683738,TR-01,pelotizacao,80,2.62,79,normal
2026-05-09 15:29:42.683738,CV-01,ferrovia,116,1.45,76,critico
2026-05-09 15:28:42.683738,TR-01,porto,76,2.5,35,normal
2026-05-09 15:27:42.683738,TR-02,ferrovia,116,1.57,59,critico
2026-05-09 15:26:42.683738,TR-01,ferrovia,92,3.92,34,normal
2026-05-09 15:25:42.683738,CV-01,porto,72,3.13,54,normal
2026-05-09 15:24:42.683738,TR-02,pelotizacao,99,0.45,79,normal
2026-05-09 15:23:42.683738,TR-02,pelotizacao,99,2.66,72,normal
2026-05-09 15:22:42.683738,CV-01,porto,94,4.29,84,critico
2026-05-09 15:21:42.683738,CV-01,pelotizacao,69,4.72,78,critico
2026-05-09 15:20:42.683738,CR-01,pelotizacao,94,0.27,87,normal
2026-05-09 15:19:42.683738,TR-02,porto,73,0.9,27,normal
2026-05-09 15:18:42.683738,CV-01,ferrovia,78,2.25,28,normal
2026-05-09 15:17:42.683738,TR-01,ferrovia,95,1.4,33,normal
2026-05-09 15:16:42.683738,CR-01,porto,82,1.21,90,normal
2026-05-09 15:15:42.683738,CV-01,ferrovia,112,0.98,74,critico
2026-05-09 15:14:42.683738,CV-01,ferrovia,87,3.97,58,normal
2026-05-09 15:13:42.683738,TR-02,pelotizacao,112,2.33,39,critico
2026-05-09 15:12:42.683738,TR-01,ferrovia,108,4.94,96,critico
2026-05-09 15:11:42.683738,CV-01,pelotizacao,68,4.34,20,critico
2026-05-09 15:10:42.683738,CR-01,pelotizacao,72,4.1,70,critico
2026-05-09 15:09:42.683738,TR-01,ferrovia,70,2.79,54,normal
2026-05-09 15:08:42.683738,TR-02,pelotizacao,69,1.51,48,normal
2026-05-09 15:07:42.683738,TR-02,ferrovia,93,2.58,24,normal
2026-05-09 15:06:42.683738,CV-01,ferrovia,91,1.34,94,normal
2026-05-09 15:05:42.683738,CV-01,ferrovia,110,2.68,34,critico
2026-05-09 15:04:42.683738,CV-01,pelotizacao,109,1.39,79,critico
2026-05-09 15:03:42.683738,CV-01,porto,107,2.37,78,critico
2026-05-09 15:02:42.683738,TR-01,porto,92,3.24,68,normal
2026-05-09 15:01:42.683738,CV-01,porto,82,2.38,34,normal
2026-05-09 15:00:42.683738,TR-01,ferrovia,69,2.54,27,normal
2026-05-09 14:59:42.683738,CR-01,porto,83,2.4,30,normal
2026-05-09 14:58:42.683738,CV-01,porto,102,2.34,40,critico
2026-05-09 14:57:42.683738,CV-01,pelotizacao,119,4.06,32,critico
2026-05-09 14:56:42.683738,CR-01,porto,84,4.15,58,critico
2026-05-09 14:55:42.683738,CV-01,porto,68,1.91,82,normal
2026-05-09 14:54:42.683738,TR-02,porto,61,3.77,53,normal
2026-05-09 14:53:42.683738,TR-01,porto,65,1.95,65,normal
2026-05-09 14:52:42.683738,CR-01,ferrovia,62,0.15,96,normal
2026-05-09 14:51:42.683738,TR-01,ferrovia,83,1.65,91,normal
2026-05-09 14:50:42.683738,CV-01,ferrovia,65,1.91,24,normal
2026-05-09 14:49:42.683738,CR-01,porto,62,3.24,74,normal
2026-05-09 14:48:42.683738,CV-01,ferrovia,72,3.14,64,normal
2026-05-09 14:47:42.683738,CV-01,ferrovia,109,2.76,53,critico
2026-05-09 14:46:42.683738,TR-01,porto,105,2.9,64,critico
2026-05-09 14:45:42.683738,CR-01,pelotizacao,107,2.01,25,critico
2026-05-09 14:44:42.683738,TR-01,pelotizacao,101,2.75,47,critico
2026-05-09 14:43:42.683738,TR-01,pelotizacao,120,0.45,30,critico
2026-05-09 14:42:42.683738,TR-02,pelotizacao,92,1.08,85,normal
2026-05-09 14:41:42.683738,CV-01,porto,109,3.32,29,critico
2026-05-09 14:40:42.683738,CR-01,pelotizacao,90,1.55,31,normal
2026-05-09 14:39:42.683738,TR-01,pelotizacao,91,0.43,92,normal
2026-05-09 14:38:42.683738,TR-02,pelotizacao,99,2.92,67,normal
2026-05-09 14:37:42.683738,TR-02,pelotizacao,97,1.81,31,normal
2026-05-09 14:36:42.683738,CR-01,pelotizacao,92,2.04,82,normal
2026-05-09 14:35:42.683738,TR-01,ferrovia,102,0.28,62,critico
2026-05-09 14:34:42.683738,CV-01,pelotizacao,65,2.73,53,normal
2026-05-09 14:33:42.683738,CR-01,pelotizacao,76,0.45,90,normal
2026-05-09 14:32:42.683738,CR-01,porto,119,1.84,59,critico
2026-05-09 14:31:42.683738,TR-02,ferrovia,105,0.2,81,critico
2026-05-09 14:30:42.683738,TR-02,porto,90,2.02,48,normal
2026-05-09 14:29:42.683738,TR-02,ferrovia,72,0.67,21,normal
2026-05-09 14:28:42.683738,TR-01,porto,94,4.71,95,critico
2026-05-09 14:27:42.683738,CV-01,porto,116,4.57,40,critico
2026-05-09 14:26:42.683738,TR-02,porto,100,1.23,21,normal
2026-05-09 14:25:42.683738,TR-02,pelotizacao,98,4.4,25,critico
2026-05-09 14:24:42.684706,CV-01,pelotizacao,104,0.74,100,critico
2026-05-09 14:23:42.684706,CR-01,porto,67,0.59,27,normal
2026-05-09 14:22:42.684706,TR-02,pelotizacao,61,3.88,85,normal
2026-05-09 14:21:42.684706,TR-01,ferrovia,86,2.85,98,normal
2026-05-09 14:20:42.684706,CR-01,pelotizacao,112,1.62,90,critico
2026-05-09 14:19:42.684706,CR-01,ferrovia,104,1.69,98,critico
2026-05-09 14:18:42.684706,CR-01,pelotizacao,102,2.65,83,critico
2026-05-09 14:17:42.684706,CR-01,ferrovia,64,4.78,66,critico
2026-05-09 14:16:42.684706,CV-01,porto,107,3.24,93,critico
2026-05-09 14:15:42.684706,CV-01,pelotizacao,100,1.26,93,normal
2026-05-09 14:14:42.684706,TR-02,porto,112,3.21,38,critico
2026-05-09 14:13:42.684706,CR-01,ferrovia,74,3.88,97,normal
2026-05-09 14:12:42.684706,CV-01,pelotizacao,81,1.31,48,normal
2026-05-09 14:11:42.684706,TR-02,ferrovia,91,1.61,44,normal
2026-05-09 14:10:42.684706,CV-01,ferrovia,81,2.9,32,normal
2026-05-09 14:09:42.684706,TR-01,ferrovia,114,3.08,23,critico
2026-05-09 14:08:42.684706,TR-01,ferrovia,85,0.67,54,normal
2026-05-09 14:07:42.684706,CV-01,pelotizacao,84,2.08,42,normal
2026-05-09 14:06:42.684706,TR-02,ferrovia,109,2.18,93,critico
2026-05-09 14:05:42.684706,TR-01,porto,87,2.54,42,normal
2026-05-09 14:04:42.684706,TR-02,ferrovia,62,3.76,45,normal
2026-05-09 14:03:42.684706,CR-01,ferrovia,105,2.72,72,critico
2026-05-09 14:02:42.684706,CV-01,porto,86,3.06,94,normal
2026-05-09 14:01:42.684706,TR-02,pelotizacao,70,1.88,36,normal
2026-05-09 14:00:42.684706,CV-01,ferrovia,61,2.33,46,normal
2026-05-09 13:59:42.684706,CR-01,pelotizacao,117,2.15,78,critico
2026-05-09 13:58:42.684706,CV-01,pelotizacao,115,4.99,27,critico
2026-05-09 13:57:42.684706,CR-01,porto,78,0.27,41,normal
2026-05-09 13:56:42.684706,CR-01,porto,105,4.83,22,critico
2026-05-09 13:55:42.684706,CV-01,ferrovia,63,3.0,38,normal
2026-05-09 13:54:42.684706,CR-01,ferrovia,115,3.84,83,critico
2026-05-09 13:53:42.684706,CV-01,porto,100,4.19,52,critico
2026-05-09 13:52:42.684706,TR-01,pelotizacao,103,0.47,92,critico
2026-05-09 13:51:42.684706,TR-01,porto,113,1.34,25,critico
2026-05-09 13:50:42.684706,TR-02,pelotizacao,99,0.17,21,normal
2026-05-09 13:49:42.684706,TR-01,pelotizacao,101,2.07,84,critico
2026-05-09 13:48:42.684706,CR-01,porto,88,2.25,74,normal
2026-05-09 13:47:42.684706,CV-01,porto,66,3.7,54,normal
2026-05-09 13:46:42.684706,CR-01,ferrovia,115,1.67,64,critico
2026-05-09 13:45:42.684706,TR-01,ferrovia,113,2.93,85,critico
2026-05-09 13:44:42.684706,CV-01,pelotizacao,86,3.49,75,normal
2026-05-09 13:43:42.684706,TR-02,ferrovia,60,2.65,83,normal
2026-05-09 13:42:42.684706,TR-02,ferrovia,63,4.66,81,critico
2026-05-09 13:41:42.684706,CV-01,porto,112,0.46,30,critico
2026-05-09 13:40:42.684706,TR-02,porto,82,4.88,49,critico
2026-05-09 13:39:42.684706,CV-01,porto,62,0.93,81,normal
2026-05-09 13:38:42.684706,CV-01,porto,86,0.51,84,normal
2026-05-09 13:37:42.684706,TR-01,pelotizacao,115,4.44,60,critico
2026-05-09 13:36:42.684706,TR-01,ferrovia,120,3.68,46,critico
2026-05-09 13:35:42.684706,TR-01,ferrovia,98,1.92,35,normal
2026-05-09 13:34:42.684706,TR-01,porto,92,4.45,63,critico
2026-05-09 13:33:42.684706,TR-01,porto,96,2.81,39,normal
2026-05-09 13:32:42.684706,CV-01,porto,65,4.35,75,critico
2026-05-09 13:31:42.684706,CR-01,pelotizacao,77,1.81,77,normal
2026-05-09 13:30:42.684706,TR-01,ferrovia,100,0.43,53,normal
2026-05-09 13:29:42.684706,TR-02,ferrovia,68,4.28,58,critico
2026-05-09 13:28:42.684706,TR-02,pelotizacao,113,4.74,30,critico
2026-05-09 13:27:42.684706,TR-02,pelotizacao,103,0.24,78,critico
2026-05-09 13:26:42.684706,TR-01,ferrovia,64,1.66,21,normal
2026-05-09 13:25:42.684706,CV-01,ferrovia,100,2.5,98,normal
2026-05-09 13:24:42.684706,TR-01,pelotizacao,84,0.5,89,normal
2026-05-09 13:23:42.684706,CV-01,ferrovia,76,3.36,78,normal
2026-05-09 13:22:42.684706,CR-01,porto,106,4.9,30,critico
2026-05-09 13:21:42.684706,CV-01,ferrovia,92,2.89,38,normal
2026-05-09 13:20:42.684706,CR-01,pelotizacao,116,1.02,33,critico
2026-05-09 13:19:42.684706,CV-01,porto,71,2.61,34,normal
2026-05-09 13:18:42.684706,CR-01,porto,84,2.17,49,normal
2026-05-09 13:17:42.684706,TR-02,pelotizacao,83,2.91,100,normal
2026-05-09 13:16:42.684706,CR-01,ferrovia,104,0.21,96,critico
2026-05-09 13:15:42.684706,TR-02,pelotizacao,98,0.23,91,normal
2026-05-09 13:14:42.684706,TR-02,pelotizacao,117,3.13,40,critico
2026-05-09 13:13:42.684706,TR-02,porto,76,1.74,32,normal
2026-05-09 13:12:42.684706,TR-02,pelotizacao,60,0.81,44,normal
2026-05-09 13:11:42.684706,CV-01,pelotizacao,63,2.36,58,normal
2026-05-09 13:10:42.684706,TR-01,ferrovia,78,1.83,91,normal
2026-05-09 13:09:42.684706,CV-01,pelotizacao,77,2.83,28,normal
2026-05-09 13:08:42.684706,CV-01,porto,72,2.41,69,normal
2026-05-09 13:07:42.684706,CR-01,ferrovia,93,1.14,29,normal
2026-05-09 13:06:42.684706,CV-01,porto,90,1.47,47,normal
2026-05-09 13:05:42.684706,TR-01,porto,91,1.58,26,normal
2026-05-09 13:04:42.684706,CR-01,pelotizacao,69,4.76,47,critico
2026-05-09 13:03:42.684706,TR-01,pelotizacao,78,1.4,47,normal
2026-05-09 13:02:42.684706,CV-01,pelotizacao,105,0.92,53,critico
2026-05-09 13:01:42.684706,TR-02,pelotizacao,107,0.79,48,critico
2026-05-09 13:00:42.684706,TR-01,pelotizacao,71,4.78,72,critico
2026-05-09 12:59:42.684706,CV-01,pelotizacao,62,4.0,65,normal
2026-05-09 12:58:42.684706,TR-01,ferrovia,106,0.38,76,critico
2026-05-09 12:57:42.684706,CV-01,pelotizacao,92,1.16,29,normal
2026-05-09 12:56:42.684706,CV-01,pelotizacao,93,1.37,64,normal
2026-05-09 12:55:42.684706,CV-01,porto,97,3.54,87,normal
2026-05-09 12:54:42.684706,TR-02,pelotizacao,81,1.03,53,normal
2026-05-09 12:53:42.684706,CV-01,ferrovia,89,4.05,24,critico
2026-05-09 12:52:42.684706,TR-01,ferrovia,84,2.5,64,normal
2026-05-09 12:51:42.684706,CV-01,porto,107,0.22,41,critico
2026-05-09 12:50:42.684706,CV-01,pelotizacao,66,2.07,93,normal
2026-05-09 12:49:42.684706,TR-02,ferrovia,88,1.5,27,normal
2026-05-09 12:48:42.684706,TR-02,ferrovia,114,2.37,38,critico
2026-05-09 12:47:42.684706,TR-01,porto,98,4.89,68,critico
2026-05-09 12:46:42.684706,CR-01,pelotizacao,88,3.79,88,normal
2026-05-09 12:45:42.684706,CV-01,pelotizacao,68,2.5,21,normal
2026-05-09 12:44:42.684706,TR-01,porto,98,0.84,42,normal
2026-05-09 12:43:42.684706,CV-01,ferrovia,61,2.91,76,normal
2026-05-09 12:42:42.684706,TR-01,porto,114,4.38,96,critico
2026-05-09 12:41:42.684706,TR-02,ferrovia,64,2.89,24,normal
2026-05-09 12:40:42.684706,CV-01,porto,64,1.31,62,normal
2026-05-09 12:39:42.684706,TR-02,pelotizacao,85,3.31,20,normal
2026-05-09 12:38:42.684706,CV-01,ferrovia,61,2.53,64,normal
2026-05-09 12:37:42.684706,CV-01,ferrovia,93,0.99,93,normal
2026-05-09 12:36:42.684706,TR-01,pelotizacao,92,1.27,58,normal
2026-05-09 12:35:42.684706,CV-01,pelotizacao,68,2.24,92,normal
2026-05-09 12:34:42.684706,CV-01,ferrovia,87,4.56,54,critico
2026-05-09 12:33:42.684706,CV-01,porto,82,4.81,97,critico
2026-05-09 12:32:42.684706,TR-02,pelotizacao,86,1.71,61,normal
2026-05-09 12:31:42.684706,CV-01,porto,99,4.82,53,critico
2026-05-09 12:30:42.684706,TR-01,porto,114,4.71,87,critico
2026-05-09 12:29:42.684706,CV-01,ferrovia,108,3.2,60,critico
2026-05-09 12:28:42.684706,TR-01,porto,81,0.16,31,normal
2026-05-09 12:27:42.684706,CV-01,ferrovia,107,4.73,36,critico
2026-05-09 12:26:42.684706,TR-01,ferrovia,72,1.9,48,normal
2026-05-09 12:25:42.684706,TR-01,porto,64,1.22,83,normal
2026-05-09 12:24:42.684706,CR-01,pelotizacao,115,1.65,72,critico
2026-05-09 12:23:42.684706,CR-01,porto,62,2.81,49,normal
2026-05-09 12:22:42.684706,TR-02,pelotizacao,64,2.21,40,normal
2026-05-09 12:21:42.684706,CR-01,ferrovia,96,0.39,23,normal
2026-05-09 12:20:42.684706,TR-02,porto,113,4.95,48,critico
2026-05-09 12:19:42.684706,TR-01,porto,93,2.79,55,normal
2026-05-09 12:18:42.684706,TR-01,ferrovia,71,3.79,48,normal
2026-05-09 12:17:42.684706,TR-02,porto,118,4.45,99,critico
2026-05-09 12:16:42.684706,CR-01,pelotizacao,118,0.46,56,critico
2026-05-09 12:15:42.684706,CV-01,porto,89,1.97,39,normal
2026-05-09 12:14:42.684706,TR-02,porto,73,1.29,28,normal
2026-05-09 12:13:42.684706,CV-01,ferrovia,90,4.51,70,critico
2026-05-09 12:12:42.684706,TR-02,porto,99,1.75,33,normal
2026-05-09 12:11:42.684706,CV-01,porto,65,4.55,87,critico
2026-05-09 12:10:42.684706,TR-01,pelotizacao,111,4.35,53,critico
2026-05-09 12:09:42.684706,CV-01,ferrovia,72,3.2,75,normal
2026-05-09 12:08:42.684706,TR-01,porto,84,0.14,29,normal
2026-05-09 12:07:42.684706,CR-01,ferrovia,98,0.13,71,normal
2026-05-09 12:06:42.684706,TR-02,ferrovia,96,1.36,84,normal
2026-05-09 12:05:42.684706,CR-01,ferrovia,67,2.68,38,normal
2026-05-09 12:04:42.684706,CR-01,ferrovia,111,0.96,78,critico
2026-05-09 12:03:42.684706,CR-01,pelotizacao,104,3.34,23,critico
2026-05-09 12:02:42.684706,TR-02,porto,76,2.57,94,normal
2026-05-09 12:01:42.684706,CV-01,porto,76,4.96,90,critico
2026-05-09 12:00:42.684706,CR-01,ferrovia,65,3.53,90,normal
2026-05-09 11:59:42.684706,TR-02,porto,91,4.41,59,critico
2026-05-09 11:58:42.684706,CV-01,porto,90,4.85,43,critico
2026-05-09 11:57:42.684706,CV-01,pelotizacao,108,0.7,91,critico
2026-05-09 11:56:42.684706,TR-01,ferrovia,117,4.32,95,critico
2026-05-09 11:55:42.684706,CR-01,porto,95,2.7,65,normal
2026-05-09 11:54:42.684706,CV-01,porto,65,3.35,35,normal
2026-05-09 11:53:42.684706,TR-02,ferrovia,69,1.3,87,normal
2026-05-09 11:52:42.684706,CR-01,ferrovia,115,2.36,37,critico
2026-05-09 11:51:42.684706,CV-01,porto,99,0.98,65,normal
2026-05-09 11:50:42.684706,TR-02,porto,78,0.44,39,normal
2026-05-09 11:49:42.684706,CV-01,ferrovia,98,1.66,92,normal
2026-05-09 11:48:42.684706,CV-01,ferrovia,79,4.54,56,critico
2026-05-09 11:47:42.684706,TR-01,ferrovia,113,1.11,27,critico
2026-05-09 11:46:42.684706,CR-01,pelotizacao,105,4.59,26,critico
2026-05-09 11:45:42.684706,TR-01,pelotizacao,81,2.99,91,normal
2026-05-09 11:44:42.684706,CV-01,pelotizacao,90,4.11,87,critico
2026-05-09 11:43:42.684706,TR-01,porto,94,0.14,49,normal
2026-05-09 11:42:42.684706,CR-01,ferrovia,62,2.99,75,normal
2026-05-09 11:41:42.684706,TR-02,pelotizacao,73,2.02,76,normal
2026-05-09 11:40:42.684706,TR-02,ferrovia,71,2.4,20,normal
2026-05-09 11:39:42.684706,CV-01,pelotizacao,82,2.94,21,normal
2026-05-09 11:38:42.684706,TR-02,pelotizacao,109,0.87,35,critico
2026-05-09 11:37:42.684706,TR-01,porto,89,2.72,77,normal
2026-05-09 11:36:42.684706,CV-01,pelotizacao,106,3.9,37,critico
2026-05-09 11:35:42.684706,CV-01,pelotizacao,88,3.1,56,normal
2026-05-09 11:34:42.684706,TR-02,porto,76,1.36,32,normal
2026-05-09 11:33:42.684706,CR-01,pelotizacao,82,0.28,43,normal
2026-05-09 11:32:42.684706,CV-01,ferrovia,94,2.32,20,normal
2026-05-09 11:31:42.684706,TR-01,ferrovia,67,1.14,46,normal
2026-05-09 11:30:42.684706,TR-01,pelotizacao,82,4.02,59,critico
2026-05-09 11:29:42.684706,TR-02,pelotizacao,90,1.98,43,normal
2026-05-09 11:28:42.684706,TR-01,porto,69,2.28,86,normal
2026-05-09 11:27:42.684706,CV-01,porto,62,0.72,84,normal
2026-05-09 11:26:42.684706,TR-02,porto,91,3.59,64,normal
2026-05-09 11:25:42.684706,TR-02,pelotizacao,73,4.08,54,critico
2026-05-09 11:24:42.684706,CV-01,porto,72,0.23,80,normal
2026-05-09 11:23:42.684706,TR-02,porto,62,3.94,45,normal
2026-05-09 11:22:42.684706,CV-01,porto,94,4.13,86,critico
2026-05-09 11:21:42.684706,CR-01,pelotizacao,90,2.01,62,normal
2026-05-09 11:20:42.684706,TR-02,porto,103,3.51,67,critico
2026-05-09 11:19:42.684706,TR-01,ferrovia,64,1.34,26,normal
2026-05-09 11:18:42.684706,CR-01,porto,88,2.37,51,normal
2026-05-09 11:17:42.684706,TR-01,pelotizacao,63,2.79,42,normal
2026-05-09 11:16:42.684706,TR-01,porto,69,3.6,96,normal
2026-05-09 11:15:42.684706,TR-02,porto,60,1.79,34,normal
2026-05-09 11:14:42.684706,TR-02,porto,109,4.69,88,critico
2026-05-09 11:13:42.684706,TR-01,porto,113,3.89,27,critico
2026-05-09 11:12:42.684706,CV-01,pelotizacao,99,4.9,75,critico
2026-05-09 11:11:42.684706,CR-01,porto,60,2.5,47,normal
2026-05-09 11:10:42.684706,TR-01,porto,103,0.31,66,critico
2026-05-09 11:09:42.684706,TR-01,pelotizacao,67,2.5,48,normal
2026-05-09 11:08:42.684706,TR-02,porto,69,0.2,100,normal
2026-05-09 11:07:42.684706,TR-01,pelotizacao,85,3.33,84,normal
2026-05-09 11:06:42.684706,CR-01,porto,90,1.76,45,normal
2026-05-09 11:05:42.684706,CR-01,ferrovia,83,4.87,75,critico
2026-05-09 11:04:42.684706,CV-01,pelotizacao,73,3.71,73,normal
2026-05-09 11:03:42.684706,TR-02,ferrovia,75,3.56,84,normal
2026-05-09 11:02:42.684706,CV-01,porto,74,3.42,57,normal
2026-05-09 11:01:42.684706,TR-02,pelotizacao,104,2.75,66,critico
2026-05-09 11:00:42.684706,CV-01,porto,67,3.5,99,normal
2026-05-09 10:59:42.684706,CR-01,pelotizacao,69,0.97,69,normal
2026-05-09 10:58:42.684706,TR-02,pelotizacao,107,1.06,85,critico
2026-05-09 10:57:42.684706,TR-01,ferrovia,61,0.26,93,normal
2026-05-09 10:56:42.684706,TR-02,ferrovia,63,1.79,50,normal
2026-05-09 10:55:42.684706,CV-01,porto,119,1.33,41,critico
2026-05-09 10:54:42.684706,CR-01,porto,68,1.53,60,normal
2026-05-09 10:53:42.684706,TR-02,pelotizacao,115,1.67,92,critico
2026-05-09 10:52:42.684706,TR-02,ferrovia,116,1.31,31,critico
2026-05-09 10:51:42.684706,CR-01,pelotizacao,61,1.14,92,normal
2026-05-09 10:50:42.684706,TR-02,ferrovia,71,3.61,46,normal
2026-05-09 10:49:42.684706,TR-02,ferrovia,71,0.62,80,normal
2026-05-09 10:48:42.684706,CR-01,pelotizacao,63,2.59,38,normal
2026-05-09 10:47:42.684706,TR-01,ferrovia,76,4.66,81,critico
2026-05-09 10:46:42.684706,TR-01,ferrovia,65,1.2,32,normal
2026-05-09 10:45:42.684706,CR-01,porto,105,1.63,99,critico
2026-05-09 10:44:42.684706,TR-01,ferrovia,97,1.44,78,normal
2026-05-09 10:43:42.684706,TR-01,pelotizacao,100,3.03,68,normal
2026-05-09 10:42:42.684706,CV-01,pelotizacao,70,1.08,48,normal
2026-05-09 10:41:42.684706,TR-01,ferrovia,68,2.04,44,normal
2026-05-09 10:40:42.684706,CR-01,porto,94,0.6,49,normal
2026-05-09 10:39:42.684706,CR-01,ferrovia,117,3.44,88,critico
2026-05-09 10:38:42.684706,CV-01,pelotizacao,96,0.26,62,normal
2026-05-09 10:37:42.684706,CR-01,ferrovia,104,0.53,90,critico
2026-05-09 10:36:42.684706,CR-01,ferrovia,76,2.15,96,normal
2026-05-09 10:35:42.684706,CV-01,porto,112,1.31,24,critico
2026-05-09 10:34:42.684706,TR-01,pelotizacao,62,1.78,84,normal
2026-05-09 10:33:42.684706,TR-02,pelotizacao,97,0.77,45,normal
2026-05-09 10:32:42.684706,CV-01,ferrovia,67,1.37,24,normal
2026-05-09 10:31:42.684706,CV-01,pelotizacao,110,1.05,50,critico
2026-05-09 10:30:42.684706,TR-01,ferrovia,70,4.04,46,critico
2026-05-09 10:29:42.684706,CR-01,ferrovia,73,3.6,64,normal
2026-05-09 10:28:42.684706,TR-01,porto,82,2.33,78,normal
2026-05-09 10:27:42.684706,CV-01,porto,117,2.33,91,critico
2026-05-09 10:26:42.684706,CR-01,ferrovia,105,2.24,36,critico
2026-05-09 10:25:42.684706,CR-01,pelotizacao,93,3.42,49,normal
2026-05-09 10:24:42.684706,CV-01,porto,120,0.69,23,critico
2026-05-09 10:23:42.684706,TR-02,pelotizacao,85,0.72,94,normal
2026-05-09 10:22:42.684706,CV-01,porto,88,3.07,37,normal
2026-05-09 10:21:42.684706,CV-01,ferrovia,76,3.15,37,normal
2026-05-09 10:20:42.684706,CV-01,porto,98,4.33,26,critico
2026-05-09 10:19:42.684706,CR-01,pelotizacao,97,1.52,26,normal
2026-05-09 10:18:42.684706,TR-02,porto,85,2.19,92,normal
2026-05-09 10:17:42.684706,TR-01,pelotizacao,83,3.46,96,normal
2026-05-09 10:16:42.684706,TR-02,porto,106,2.34,65,critico
2026-05-09 10:15:42.684706,CV-01,porto,64,0.58,58,normal
2026-05-09 10:14:42.684706,TR-01,ferrovia,71,4.13,30,critico
2026-05-09 10:13:42.684706,TR-01,porto,119,1.82,55,critico
2026-05-09 10:12:42.684706,CR-01,porto,100,1.9,80,normal
2026-05-09 10:11:42.684706,CR-01,ferrovia,80,4.22,36,critico
2026-05-09 10:10:42.684706,TR-02,pelotizacao,110,1.43,33,critico
2026-05-09 10:09:42.684706,TR-01,pelotizacao,81,3.97,73,normal
2026-05-09 10:08:42.684706,TR-02,porto,65,0.12,82,normal
2026-05-09 10:07:42.684706,CR-01,porto,87,1.47,21,normal
2026-05-09 10:06:42.684706,TR-02,ferrovia,97,3.44,76,normal
2026-05-09 10:05:42.684706,CV-01,ferrovia,99,2.74,76,normal
2026-05-09 10:04:42.684706,TR-01,ferrovia,77,4.5,57,critico
2026-05-09 10:03:42.684706,CV-01,ferrovia,99,3.39,94,normal
2026-05-09 10:02:42.684706,CR-01,porto,91,4.87,44,critico
2026-05-09 10:01:42.685704,TR-01,porto,80,3.21,76,normal
2026-05-09 10:00:42.685704,TR-01,ferrovia,78,1.34,56,normal
2026-05-09 09:59:42.685704,TR-02,ferrovia,60,1.16,38,normal
2026-05-09 09:58:42.685704,TR-01,pelotizacao,116,1.14,75,critico
2026-05-09 09:57:42.685704,TR-02,pelotizacao,79,4.19,65,critico
2026-05-09 09:56:42.685704,TR-01,pelotizacao,77,2.13,26,normal
2026-05-09 09:55:42.685704,TR-02,pelotizacao,113,3.32,58,critico
2026-05-09 09:54:42.685704,CV-01,ferrovia,62,0.72,87,normal
2026-05-09 09:53:42.685704,TR-01,porto,72,0.21,36,normal
2026-05-09 09:52:42.685704,TR-01,porto,67,4.03,27,critico
2026-05-09 09:51:42.685704,CV-01,ferrovia,105,1.41,71,critico
2026-05-09 09:50:42.685704,TR-02,porto,72,0.16,68,normal
2026-05-09 09:49:42.685704,CV-01,ferrovia,116,3.93,91,critico
2026-05-09 09:48:42.685704,TR-02,porto,105,0.88,70,critico
2026-05-09 09:47:42.685704,CR-01,ferrovia,115,2.78,46,critico
2026-05-09 09:46:42.685704,CV-01,porto,74,0.18,62,normal
2026-05-09 09:45:42.685704,CV-01,porto,86,4.87,71,critico
2026-05-09 09:44:42.685704,TR-02,porto,109,0.38,62,critico
2026-05-09 09:43:42.685704,TR-02,ferrovia,97,1.35,37,normal
2026-05-09 09:42:42.685704,CV-01,pelotizacao,66,2.67,81,normal
2026-05-09 09:41:42.685704,TR-01,ferrovia,63,4.34,81,critico
2026-05-09 09:40:42.685704,TR-02,porto,111,0.44,35,critico
2026-05-09 09:39:42.685704,TR-01,pelotizacao,119,3.76,31,critico
2026-05-09 09:38:42.685704,TR-02,porto,102,1.97,46,critico
2026-05-09 09:37:42.685704,TR-01,pelotizacao,60,3.01,80,normal
2026-05-09 09:36:42.685704,TR-02,ferrovia,73,1.7,43,normal
2026-05-09 09:35:42.685704,CV-01,pelotizacao,114,2.97,91,critico
2026-05-09 09:34:42.685704,TR-01,ferrovia,81,4.77,82,critico
2026-05-09 09:33:42.685704,TR-02,porto,76,3.99,87,normal
2026-05-09 09:32:42.685704,TR-02,pelotizacao,98,4.79,39,critico
2026-05-09 09:31:42.685704,TR-01,ferrovia,106,0.58,78,critico
2026-05-09 09:30:42.685704,CR-01,ferrovia,78,3.73,53,normal
2026-05-09 09:29:42.685704,TR-02,ferrovia,108,3.93,62,critico
2026-05-09 09:28:42.685704,CV-01,pelotizacao,75,1.36,100,normal
2026-05-09 09:27:42.685704,CV-01,pelotizacao,106,2.99,34,critico
2026-05-09 09:26:42.685704,CV-01,porto,99,2.84,76,normal
2026-05-09 09:25:42.685704,TR-01,ferrovia,76,2.58,35,normal
2026-05-09 09:24:42.685704,TR-02,porto,99,4.32,37,critico
2026-05-09 09:23:42.685704,TR-02,ferrovia,61,2.33,60,normal
2026-05-09 09:22:42.685704,TR-02,porto,96,4.56,59,critico
2026-05-09 09:21:42.685704,TR-02,porto,118,3.83,44,critico
2026-05-09 09:20:42.685704,CV-01,ferrovia,63,3.37,34,normal
2026-05-09 09:19:42.685704,CR-01,ferrovia,70,1.84,62,normal
2026-05-09 09:18:42.685704,CV-01,porto,60,0.3,100,normal
2026-05-09 09:17:42.685704,TR-01,pelotizacao,81,4.24,79,critico
2026-05-09 09:16:42.685704,TR-02,ferrovia,102,1.84,91,critico
2026-05-09 09:15:42.685704,CR-01,ferrovia,77,1.46,55,normal
2026-05-09 09:14:42.685704,CR-01,pelotizacao,68,3.66,61,normal
2026-05-09 09:13:42.685704,TR-01,porto,119,3.65,58,critico
2026-05-09 09:12:42.685704,TR-02,ferrovia,113,3.56,29,critico
2026-05-09 09:11:42.685704,TR-01,pelotizacao,75,1.46,78,normal
2026-05-09 09:10:42.685704,TR-01,pelotizacao,70,0.34,51,normal
2026-05-09 09:09:42.685704,TR-02,ferrovia,98,2.24,90,normal
2026-05-09 09:08:42.685704,TR-01,porto,83,0.45,60,normal
2026-05-09 09:07:42.685704,CR-01,porto,107,2.46,92,critico
2026-05-09 09:06:42.685704,TR-01,porto,70,2.32,22,normal
2026-05-09 09:05:42.685704,TR-01,porto,111,2.37,58,critico
2026-05-09 09:04:42.685704,TR-01,porto,67,0.34,44,normal
2026-05-09 09:03:42.685704,CV-01,porto,76,3.18,86,normal
2026-05-09 09:02:42.685704,CV-01,porto,60,0.67,56,normal
2026-05-09 09:01:42.685704,TR-01,porto,70,2.97,61,normal
2026-05-09 09:00:42.685704,TR-02,pelotizacao,87,2.76,48,normal
2026-05-09 08:59:42.685704,CV-01,ferrovia,96,4.45,83,critico
2026-05-09 08:58:42.685704,CR-01,ferrovia,118,4.42,77,critico
2026-05-09 08:57:42.685704,CV-01,porto,106,0.71,69,critico
2026-05-09 08:56:42.685704,CV-01,porto,75,0.48,60,normal
2026-05-09 08:55:42.685704,TR-02,porto,105,4.3,54,critico
2026-05-09 08:54:42.685704,TR-01,ferrovia,94,4.8,70,critico
2026-05-09 08:53:42.685704,CR-01,porto,103,2.96,38,critico
2026-05-09 08:52:42.685704,TR-02,porto,93,2.25,81,normal
2026-05-09 08:51:42.685704,CR-01,porto,69,2.29,61,normal
2026-05-09 08:50:42.685704,CR-01,porto,102,1.84,40,critico
2026-05-09 08:49:42.685704,TR-01,ferrovia,85,4.62,97,critico
2026-05-09 08:48:42.685704,CV-01,pelotizacao,69,3.41,84,normal
2026-05-09 08:47:42.685704,CV-01,porto,117,0.65,23,critico
2026-05-09 08:46:42.685704,TR-01,pelotizacao,77,3.46,81,normal
2026-05-09 08:45:42.685704,CR-01,porto,103,2.62,42,critico
2026-05-09 08:44:42.685704,CV-01,pelotizacao,100,2.77,34,normal
2026-05-09 08:43:42.685704,TR-01,ferrovia,64,1.14,67,normal
2026-05-09 08:42:42.685704,CV-01,porto,75,2.55,80,normal
2026-05-09 08:41:42.685704,CR-01,porto,63,2.8,79,normal
2026-05-09 08:40:42.685704,CV-01,porto,67,3.55,90,normal
2026-05-09 08:39:42.685704,CV-01,porto,85,2.12,94,normal
2026-05-09 08:38:42.685704,TR-02,ferrovia,113,3.81,49,critico
2026-05-09 08:37:42.685704,CR-01,porto,95,1.17,88,normal
2026-05-09 08:36:42.685704,CR-01,ferrovia,84,1.12,63,normal
2026-05-09 08:35:42.685704,CR-01,ferrovia,70,3.21,75,normal
2026-05-09 08:34:42.685704,CV-01,porto,117,0.31,88,critico
2026-05-09 08:33:42.685704,CR-01,porto,68,2.14,26,normal
2026-05-09 08:32:42.685704,CR-01,porto,65,3.91,30,normal
2026-05-09 08:31:42.685704,TR-01,pelotizacao,91,2.66,85,normal
2026-05-09 08:30:42.685704,CR-01,pelotizacao,115,3.17,64,critico
2026-05-09 08:29:42.685704,CV-01,ferrovia,99,0.57,56,normal
2026-05-09 08:28:42.685704,TR-02,porto,106,2.17,37,critico
2026-05-09 08:27:42.685704,CV-01,ferrovia,68,3.88,25,normal
2026-05-09 08:26:42.685704,CR-01,pelotizacao,109,0.76,79,critico
2026-05-09 08:25:42.685704,TR-02,pelotizacao,98,0.43,47,normal
2026-05-09 08:24:42.685704,CR-01,porto,61,4.16,90,critico
2026-05-09 08:23:42.685704,TR-02,pelotizacao,119,0.28,93,critico
2026-05-09 08:22:42.685704,TR-02,porto,67,2.69,31,normal
2026-05-09 08:21:42.685704,TR-01,ferrovia,80,3.98,91,normal
2026-05-09 08:20:42.685704,TR-01,porto,75,3.07,78,normal
2026-05-09 08:19:42.685704,CV-01,ferrovia,98,4.7,63,critico
2026-05-09 08:18:42.685704,TR-01,ferrovia,83,3.45,29,normal
2026-05-09 08:17:42.685704,TR-01,ferrovia,74,1.82,62,normal
2026-05-09 08:16:42.685704,TR-02,pelotizacao,114,2.08,71,critico
2026-05-09 08:15:42.685704,CV-01,porto,79,1.41,32,normal
2026-05-09 08:14:42.685704,TR-01,porto,76,0.74,30,normal
2026-05-09 08:13:42.685704,TR-01,porto,109,2.62,81,critico
2026-05-09 08:12:42.685704,CR-01,porto,103,2.79,54,critico
2026-05-09 08:11:42.685704,TR-01,pelotizacao,118,2.65,93,critico
2026-05-09 08:10:42.685704,TR-01,porto,62,1.19,64,normal
2026-05-09 08:09:42.685704,TR-01,porto,72,0.12,54,normal
2026-05-09 08:08:42.685704,TR-01,porto,76,4.86,61,critico
2026-05-09 08:07:42.685704,TR-02,porto,102,2.43,68,critico
2026-05-09 08:06:42.685704,TR-02,pelotizacao,80,4.99,26,critico
2026-05-09 08:05:42.685704,TR-02,ferrovia,84,4.84,83,critico
2026-05-09 08:04:42.685704,CR-01,pelotizacao,105,3.71,96,critico
2026-05-09 08:03:42.685704,TR-01,ferrovia,62,3.52,94,normal
2026-05-09 08:02:42.685704,TR-02,pelotizacao,116,2.3,75,critico
2026-05-09 08:01:42.685704,CV-01,pelotizacao,78,3.8,30,normal
2026-05-09 08:00:42.685704,CR-01,porto,79,0.29,86,normal
2026-05-09 07:59:42.685704,TR-02,pelotizacao,79,0.79,67,normal
2026-05-09 07:58:42.685704,TR-02,ferrovia,98,4.65,99,critico
2026-05-09 07:57:42.685704,TR-01,ferrovia,64,0.8,99,normal
2026-05-09 07:56:42.685704,CV-01,porto,107,1.53,78,critico
2026-05-09 07:55:42.685704,TR-01,ferrovia,120,1.74,41,critico
2026-05-09 07:54:42.685704,TR-01,porto,63,1.12,39,normal
2026-05-09 07:53:42.685704,CV-01,ferrovia,61,2.23,34,normal
2026-05-09 07:52:42.685704,TR-02,ferrovia,96,2.02,85,normal
2026-05-09 07:51:42.685704,TR-01,pelotizacao,96,1.5,58,normal
2026-05-09 07:50:42.685704,TR-02,pelotizacao,97,2.24,92,normal
2026-05-09 07:49:42.685704,CV-01,ferrovia,87,0.75,51,normal
2026-05-09 07:48:42.685704,TR-02,ferrovia,96,0.4,67,normal
2026-05-09 07:47:42.685704,TR-02,pelotizacao,115,2.14,20,critico
2026-05-09 07:46:42.685704,CR-01,porto,102,3.09,40,critico
2026-05-09 07:45:42.685704,CV-01,porto,111,3.73,53,critico
2026-05-09 07:44:42.685704,CV-01,porto,77,0.9,24,normal
2026-05-09 07:43:42.685704,CR-01,ferrovia,104,2.59,82,critico
2026-05-09 07:42:42.685704,TR-02,porto,102,3.8,95,critico
2026-05-09 07:41:42.685704,CR-01,porto,118,2.6,67,critico
2026-05-09 07:40:42.685704,TR-02,pelotizacao,120,3.69,63,critico
2026-05-09 07:39:42.685704,CV-01,pelotizacao,93,0.71,92,normal
2026-05-09 07:38:42.685704,CR-01,pelotizacao,98,3.95,41,normal
2026-05-09 07:37:42.685704,CV-01,porto,85,1.29,100,normal
2026-05-09 07:36:42.685704,CV-01,pelotizacao,112,1.01,44,critico
2026-05-09 07:35:42.685704,CR-01,porto,118,4.24,84,critico
2026-05-09 07:34:42.685704,TR-02,pelotizacao,92,1.79,97,normal
2026-05-09 07:33:42.685704,CV-01,porto,111,2.71,22,critico
2026-05-09 07:32:42.685704,TR-01,ferrovia,69,2.02,27,normal
2026-05-09 07:31:42.685704,CR-01,porto,71,2.3,30,normal
2026-05-09 07:30:42.685704,CV-01,porto,93,2.99,81,normal
2026-05-09 07:29:42.685704,TR-01,ferrovia,82,1.61,64,normal
2026-05-09 07:28:42.685704,TR-01,pelotizacao,117,2.35,33,critico
2026-05-09 07:27:42.685704,CV-01,porto,60,1.42,51,normal
2026-05-09 07:26:42.685704,CR-01,porto,97,1.84,85,normal
2026-05-09 07:25:42.685704,CR-01,ferrovia,88,3.09,38,normal
2026-05-09 07:24:42.685704,TR-01,pelotizacao,96,3.05,25,normal
2026-05-09 07:23:42.685704,CV-01,porto,115,2.41,45,critico
2026-05-09 07:22:42.685704,CV-01,pelotizacao,112,1.36,65,critico
2026-05-09 07:21:42.685704,CR-01,pelotizacao,104,1.5,94,critico
2026-05-09 07:20:42.685704,CV-01,pelotizacao,85,1.96,70,normal
2026-05-09 07:19:42.685704,TR-02,pelotizacao,117,2.57,59,critico
2026-05-09 07:18:42.685704,TR-02,pelotizacao,117,3.53,90,critico
2026-05-09 07:17:42.685704,CR-01,pelotizacao,118,2.26,25,critico
2026-05-09 07:16:42.685704,TR-02,porto,115,1.95,26,critico
2026-05-09 07:15:42.685704,CV-01,porto,81,3.42,97,normal
2026-05-09 07:14:42.685704,CV-01,porto,102,3.14,31,critico
2026-05-09 07:13:42.685704,CV-01,porto,75,0.54,96,normal
2026-05-09 07:12:42.685704,TR-01,porto,115,1.9,61,critico
2026-05-09 07:11:42.685704,TR-01,ferrovia,110,4.19,75,critico
2026-05-09 07:10:42.685704,TR-01,porto,101,1.68,75,critico
2026-05-09 07:09:42.685704,CV-01,ferrovia,92,1.8,95,normal
2026-05-09 07:08:42.685704,TR-02,porto,60,4.85,68,critico
2026-05-09 07:07:42.685704,TR-02,pelotizacao,67,4.44,83,critico
2026-05-09 07:06:42.685704,TR-01,porto,110,1.58,75,critico
2026-05-09 07:05:42.685704,TR-01,porto,118,4.15,53,critico
2026-05-09 07:04:42.685704,TR-01,ferrovia,60,3.04,53,normal
2026-05-09 07:03:42.685704,CV-01,ferrovia,105,0.73,94,critico
2026-05-09 07:02:42.685704,TR-02,ferrovia,65,0.57,21,normal
2026-05-09 07:01:42.685704,TR-02,porto,66,3.5,79,normal
2026-05-09 07:00:42.685704,TR-02,ferrovia,60,0.74,33,normal
2026-05-09 06:59:42.685704,CR-01,porto,76,0.59,70,normal
2026-05-09 06:58:42.685704,CR-01,pelotizacao,62,4.96,58,critico
2026-05-09 06:57:42.685704,TR-02,ferrovia,105,2.48,100,critico
2026-05-09 06:56:42.685704,TR-02,porto,120,4.13,95,critico
2026-05-09 06:55:42.685704,TR-02,ferrovia,72,0.31,94,normal
2026-05-09 06:54:42.685704,CV-01,pelotizacao,119,1.37,59,critico
2026-05-09 06:53:42.685704,TR-01,porto,82,1.63,65,normal
2026-05-09 06:52:42.685704,TR-02,pelotizacao,97,0.12,26,normal
2026-05-09 06:51:42.685704,CR-01,pelotizacao,83,1.05,40,normal
2026-05-09 06:50:42.685704,TR-02,porto,103,3.69,65,critico
2026-05-09 06:49:42.685704,CV-01,porto,104,1.07,97,critico
2026-05-09 06:48:42.685704,TR-01,ferrovia,78,3.54,48,normal
2026-05-09 06:47:42.685704,TR-01,ferrovia,111,1.98,91,critico
2026-05-09 06:46:42.685704,CV-01,ferrovia,106,1.28,84,critico
2026-05-09 06:45:42.685704,CV-01,porto,74,1.96,49,normal
2026-05-09 06:44:42.685704,CV-01,pelotizacao,108,3.79,37,critico
2026-05-09 06:43:42.685704,TR-02,porto,72,2.66,36,normal
2026-05-09 06:42:42.685704,TR-01,porto,61,1.43,72,normal
2026-05-09 06:41:42.685704,CV-01,porto,87,1.07,86,normal
2026-05-09 06:40:42.685704,TR-01,ferrovia,105,3.25,23,critico
2026-05-09 06:39:42.685704,TR-01,pelotizacao,76,3.74,49,normal
2026-05-09 06:38:42.685704,TR-02,ferrovia,71,2.64,68,normal
2026-05-09 06:37:42.685704,CR-01,porto,114,3.99,27,critico
2026-05-09 06:36:42.685704,CR-01,ferrovia,83,3.85,95,normal
2026-05-09 06:35:42.685704,TR-02,pelotizacao,96,4.56,47,critico
2026-05-09 06:34:42.685704,TR-02,pelotizacao,84,3.14,40,normal
2026-05-09 06:33:42.685704,TR-02,pelotizacao,118,0.86,55,critico
2026-05-09 06:32:42.685704,TR-01,porto,116,3.57,57,critico
2026-05-09 06:31:42.685704,CV-01,pelotizacao,69,2.38,84,normal
2026-05-09 06:30:42.685704,CV-01,ferrovia,95,1.99,23,normal
2026-05-09 06:29:42.685704,CR-01,ferrovia,78,0.58,94,normal
2026-05-09 06:28:42.685704,TR-01,ferrovia,79,4.59,50,critico
2026-05-09 06:27:42.685704,TR-02,porto,116,3.12,78,critico
2026-05-09 06:26:42.685704,TR-01,ferrovia,113,1.77,40,critico
2026-05-09 06:25:42.685704,CV-01,porto,107,4.5,91,critico
2026-05-09 06:24:42.685704,CR-01,ferrovia,98,1.87,84,normal
2026-05-09 06:23:42.685704,CV-01,porto,101,4.19,30,critico
2026-05-09 06:22:42.685704,CR-01,ferrovia,64,1.75,54,normal
2026-05-09 06:21:42.685704,CR-01,pelotizacao,101,3.22,66,critico
2026-05-09 06:20:42.685704,TR-01,porto,105,1.64,20,critico
2026-05-09 06:19:42.685704,TR-02,ferrovia,111,1.94,97,critico
2026-05-09 06:18:42.685704,CV-01,porto,97,3.51,48,normal
2026-05-09 06:17:42.685704,TR-01,porto,102,2.97,63,critico
2026-05-09 06:16:42.685704,CR-01,pelotizacao,90,2.98,32,normal
2026-05-09 06:15:42.685704,CV-01,ferrovia,93,4.61,73,critico
2026-05-09 06:14:42.685704,CR-01,porto,76,4.72,84,critico
2026-05-09 06:13:42.685704,TR-02,pelotizacao,83,4.56,78,critico
2026-05-09 06:12:42.685704,CR-01,porto,116,4.14,89,critico
2026-05-09 06:11:42.685704,CR-01,porto,92,4.15,87,critico
2026-05-09 06:10:42.685704,CV-01,porto,90,4.46,82,critico
2026-05-09 06:09:42.685704,TR-01,porto,117,2.15,89,critico
2026-05-09 06:08:42.685704,TR-02,porto,89,2.97,44,normal
2026-05-09 06:07:42.685704,CV-01,pelotizacao,116,2.58,85,critico
2026-05-09 06:06:42.685704,TR-02,pelotizacao,65,0.19,93,normal
2026-05-09 06:05:42.685704,TR-01,porto,107,4.18,25,critico
2026-05-09 06:04:42.685704,TR-01,pelotizacao,117,0.84,46,critico
2026-05-09 06:03:42.685704,TR-02,ferrovia,93,1.19,57,normal
2026-05-09 06:02:42.685704,TR-01,pelotizacao,120,4.03,24,critico
2026-05-09 06:01:42.685704,TR-02,porto,72,0.21,41,normal
2026-05-09 06:00:42.685704,TR-01,porto,97,1.42,53,normal
2026-05-09 05:59:42.685704,CV-01,ferrovia,120,2.76,71,critico
2026-05-09 05:58:42.685704,CV-01,pelotizacao,80,2.52,42,normal
2026-05-09 05:57:42.685704,CV-01,pelotizacao,68,4.76,55,critico
2026-05-09 05:56:42.685704,TR-01,pelotizacao,82,4.65,63,critico
2026-05-09 05:55:42.685704,CR-01,ferrovia,92,0.84,33,normal
2026-05-09 05:54:42.685704,CV-01,porto,80,4.43,48,critico
2026-05-09 05:53:42.685704,CR-01,ferrovia,92,2.21,21,normal
2026-05-09 05:52:42.685704,CR-01,pelotizacao,84,3.16,51,normal
2026-05-09 05:51:42.685704,CV-01,ferrovia,73,3.56,74,normal
2026-05-09 05:50:42.685704,TR-01,ferrovia,113,2.92,63,critico
2026-05-09 05:49:42.685704,CV-01,pelotizacao,97,2.81,60,normal
2026-05-09 05:48:42.685704,CV-01,pelotizacao,84,2.49,34,normal
2026-05-09 05:47:42.685704,CR-01,porto,104,4.29,96,critico
2026-05-09 05:46:42.685704,CR-01,porto,81,1.76,96,normal
2026-05-09 05:45:42.685704,TR-02,ferrovia,83,3.2,86,normal
2026-05-09 05:44:42.685704,TR-01,pelotizacao,91,3.31,24,normal
2026-05-09 05:43:42.685704,TR-02,porto,67,1.31,67,normal
2026-05-09 05:42:42.685704,TR-01,ferrovia,116,3.06,76,critico
2026-05-09 05:41:42.686704,CR-01,pelotizacao,110,3.36,99,critico
2026-05-09 05:40:42.686704,CV-01,porto,101,1.69,66,critico
2026-05-09 05:39:42.686704,TR-02,pelotizacao,101,2.91,24,critico
2026-05-09 05:38:42.686704,TR-02,pelotizacao,72,2.13,71,normal
2026-05-09 05:37:42.686704,CR-01,porto,120,3.78,92,critico
2026-05-09 05:36:42.686704,TR-02,ferrovia,100,2.55,41,normal
2026-05-09 05:35:42.686704,CR-01,ferrovia,84,1.5,36,normal
2026-05-09 05:34:42.686704,TR-02,pelotizacao,113,2.5,87,critico
2026-05-09 05:33:42.686704,CV-01,ferrovia,79,3.45,56,normal
2026-05-09 05:32:42.686704,CR-01,ferrovia,68,3.75,30,normal
2026-05-09 05:31:42.686704,CV-01,pelotizacao,72,4.35,80,critico
2026-05-09 05:30:42.686704,TR-02,porto,63,2.31,56,normal
2026-05-09 05:29:42.686704,TR-02,pelotizacao,112,4.98,20,critico
2026-05-09 05:28:42.686704,TR-01,ferrovia,74,3.25,32,normal
2026-05-09 05:27:42.686704,TR-01,ferrovia,107,1.57,89,critico
2026-05-09 05:26:42.686704,CR-01,ferrovia,67,0.66,69,normal
2026-05-09 05:25:42.686704,CR-01,ferrovia,116,1.03,71,critico
2026-05-09 05:24:42.686704,TR-01,ferrovia,111,0.36,50,critico
2026-05-09 05:23:42.686704,TR-01,ferrovia,105,2.14,35,critico
2026-05-09 05:22:42.686704,TR-02,pelotizacao,76,2.58,46,normal
2026-05-09 05:21:42.686704,TR-02,ferrovia,68,2.09,84,normal
2026-05-09 05:20:42.686704,TR-02,porto,119,3.85,65,critico
2026-05-09 05:19:42.686704,TR-01,ferrovia,119,2.19,64,critico
2026-05-09 05:18:42.686704,CV-01,ferrovia,109,3.11,87,critico
2026-05-09 05:17:42.686704,TR-02,pelotizacao,65,3.38,81,normal
2026-05-09 05:16:42.686704,TR-02,porto,111,1.42,75,critico
2026-05-09 05:15:42.686704,CV-01,pelotizacao,97,2.23,30,normal
2026-05-09 05:14:42.686704,CV-01,porto,103,0.95,82,critico
2026-05-09 05:13:42.686704,CV-01,ferrovia,95,0.64,88,normal
2026-05-09 05:12:42.686704,CR-01,ferrovia,92,4.41,48,critico
2026-05-09 05:11:42.686704,TR-01,ferrovia,116,1.68,98,critico
2026-05-09 05:10:42.686704,CV-01,porto,96,2.55,91,normal
2026-05-09 05:09:42.686704,CV-01,pelotizacao,88,4.36,21,critico
2026-05-09 05:08:42.686704,TR-01,pelotizacao,79,0.88,41,normal
2026-05-09 05:07:42.686704,TR-02,pelotizacao,69,0.98,21,normal
2026-05-09 05:06:42.686704,TR-01,pelotizacao,92,2.54,59,normal
2026-05-09 05:05:42.686704,TR-01,porto,119,0.22,94,critico
2026-05-09 05:04:42.686704,TR-01,porto,84,1.27,67,normal
2026-05-09 05:03:42.686704,CR-01,porto,62,4.98,63,critico
2026-05-09 05:02:42.686704,TR-02,porto,71,3.91,39,normal
2026-05-09 05:01:42.686704,TR-01,ferrovia,118,2.36,90,critico
2026-05-09 05:00:42.686704,TR-01,porto,103,3.1,45,critico
2026-05-09 04:59:42.686704,TR-02,porto,107,3.09,92,critico
2026-05-09 04:58:42.686704,CR-01,pelotizacao,93,2.34,60,normal
2026-05-09 04:57:42.686704,TR-01,porto,94,1.22,83,normal
2026-05-09 04:56:42.686704,TR-02,porto,118,1.14,82,critico
2026-05-09 04:55:42.686704,CV-01,porto,85,3.2,26,normal
2026-05-09 04:54:42.686704,TR-01,pelotizacao,112,0.52,38,critico
2026-05-09 04:53:42.686704,TR-01,ferrovia,84,1.63,67,normal
2026-05-09 04:52:42.686704,TR-01,pelotizacao,112,3.05,28,critico
2026-05-09 04:51:42.686704,TR-01,porto,86,3.04,27,normal
2026-05-09 04:50:42.686704,TR-01,ferrovia,62,4.91,31,critico
2026-05-09 04:49:42.686704,CV-01,porto,120,0.84,81,critico
2026-05-09 04:48:42.686704,TR-01,porto,70,1.36,28,normal
2026-05-09 04:47:42.686704,CV-01,ferrovia,79,0.16,72,normal
2026-05-09 04:46:42.686704,TR-01,porto,88,2.32,96,normal
2026-05-09 04:45:42.686704,CR-01,pelotizacao,71,4.1,38,critico
2026-05-09 04:44:42.686704,CR-01,pelotizacao,80,4.22,43,critico
2026-05-09 04:43:42.686704,CR-01,pelotizacao,100,1.18,30,normal
2026-05-09 04:42:42.686704,CR-01,ferrovia,115,3.16,88,critico
2026-05-09 04:41:42.686704,TR-02,ferrovia,61,0.71,63,normal
2026-05-09 04:40:42.686704,CR-01,porto,111,3.1,96,critico
2026-05-09 04:39:42.686704,CV-01,pelotizacao,83,4.47,67,critico
2026-05-09 04:38:42.686704,TR-01,pelotizacao,115,0.72,35,critico
2026-05-09 04:37:42.686704,TR-01,pelotizacao,90,0.14,33,normal
2026-05-09 04:36:42.686704,CV-01,pelotizacao,89,0.54,38,normal
2026-05-09 04:35:42.686704,CV-01,pelotizacao,99,2.18,38,normal
2026-05-09 04:34:42.686704,TR-02,pelotizacao,82,1.9,83,normal
2026-05-09 04:33:42.686704,CV-01,porto,91,3.32,99,normal
2026-05-09 04:32:42.686704,TR-01,porto,92,0.32,85,normal
2026-05-09 04:31:42.686704,CV-01,ferrovia,90,3.65,88,normal
2026-05-09 04:30:42.686704,CR-01,porto,89,2.19,27,normal
2026-05-09 04:29:42.686704,CV-01,porto,119,0.5,81,critico
2026-05-09 04:28:42.686704,TR-02,porto,68,4.14,95,critico
2026-05-09 04:27:42.686704,CV-01,porto,111,1.99,46,critico
2026-05-09 04:26:42.686704,TR-02,pelotizacao,77,2.11,47,normal
2026-05-09 04:25:42.686704,TR-01,ferrovia,92,4.42,54,critico
2026-05-09 04:24:42.686704,TR-01,ferrovia,62,3.25,23,normal
2026-05-09 04:23:42.686704,CV-01,porto,105,4.6,69,critico
2026-05-09 04:22:42.686704,CV-01,pelotizacao,104,4.11,29,critico
2026-05-09 04:21:42.686704,TR-02,porto,114,2.93,99,critico
2026-05-09 04:20:42.686704,TR-01,ferrovia,112,3.76,61,critico
2026-05-09 04:19:42.686704,CV-01,pelotizacao,117,1.71,60,critico
2026-05-09 04:18:42.686704,TR-02,pelotizacao,84,0.26,27,normal
2026-05-09 04:17:42.686704,CV-01,ferrovia,109,3.86,79,critico
2026-05-09 04:16:42.686704,TR-02,porto,71,4.27,38,critico
2026-05-09 04:15:42.686704,CV-01,porto,108,4.01,75,critico
2026-05-09 04:14:42.686704,TR-02,ferrovia,88,4.81,91,critico
2026-05-09 04:13:42.686704,CV-01,porto,68,1.64,71,normal
2026-05-09 04:12:42.686704,TR-02,ferrovia,68,3.12,26,normal
2026-05-09 04:11:42.686704,TR-01,porto,88,0.36,59,normal
2026-05-09 04:10:42.686704,CR-01,porto,94,1.68,28,normal
2026-05-09 04:09:42.686704,CR-01,porto,102,1.77,74,critico
2026-05-09 04:08:42.686704,CR-01,pelotizacao,118,1.64,46,critico
2026-05-09 04:07:42.686704,CV-01,porto,64,4.35,66,critico
2026-05-09 04:06:42.686704,TR-02,pelotizacao,61,0.78,96,normal
2026-05-09 04:05:42.686704,TR-02,ferrovia,96,3.97,73,normal
2026-05-09 04:04:42.686704,TR-02,ferrovia,93,0.66,75,normal
2026-05-09 04:03:42.686704,TR-01,ferrovia,70,2.92,52,normal
2026-05-09 04:02:42.686704,TR-01,ferrovia,120,3.8,43,critico
2026-05-09 04:01:42.686704,TR-02,porto,120,4.79,75,critico
2026-05-09 04:00:42.686704,CV-01,pelotizacao,92,0.44,58,normal
2026-05-09 03:59:42.686704,TR-02,porto,106,3.08,100,critico
2026-05-09 03:58:42.686704,TR-01,porto,118,3.5,80,critico
2026-05-09 03:57:42.686704,CR-01,ferrovia,106,2.83,99,critico
2026-05-09 03:56:42.686704,TR-01,pelotizacao,86,0.24,55,normal
2026-05-09 03:55:42.686704,TR-02,pelotizacao,76,1.85,78,normal
2026-05-09 03:54:42.686704,CV-01,pelotizacao,60,3.27,67,normal
2026-05-09 03:53:42.686704,TR-01,ferrovia,61,0.43,79,normal
2026-05-09 03:52:42.686704,CV-01,ferrovia,92,4.26,87,critico
2026-05-09 03:51:42.686704,CV-01,pelotizacao,68,2.88,45,normal
2026-05-09 03:50:42.686704,TR-02,porto,76,2.76,98,normal
2026-05-09 03:49:42.686704,CV-01,pelotizacao,118,4.26,22,critico
2026-05-09 03:48:42.686704,CR-01,porto,92,4.5,95,critico
2026-05-09 03:47:42.686704,TR-01,porto,117,1.91,69,critico
2026-05-09 03:46:42.686704,CR-01,pelotizacao,117,3.3,57,critico
2026-05-09 03:45:42.686704,CV-01,ferrovia,101,1.2,76,critico
2026-05-09 03:44:42.686704,CR-01,pelotizacao,69,4.81,64,critico
2026-05-09 03:43:42.686704,TR-01,pelotizacao,111,0.44,51,critico
2026-05-09 03:42:42.686704,TR-02,pelotizacao,61,0.59,80,normal
2026-05-09 03:41:42.686704,TR-01,pelotizacao,118,4.5,43,critico
2026-05-09 03:40:42.686704,TR-02,ferrovia,86,3.26,34,normal
2026-05-09 03:39:42.686704,TR-01,porto,71,1.29,69,normal
2026-05-09 03:38:42.686704,TR-01,ferrovia,107,3.4,34,critico
2026-05-09 03:37:42.686704,CV-01,ferrovia,86,1.49,71,normal
2026-05-09 03:36:42.686704,TR-02,ferrovia,117,4.91,61,critico
2026-05-09 03:35:42.686704,TR-01,pelotizacao,69,1.31,62,normal
2026-05-09 03:34:42.686704,TR-01,pelotizacao,74,2.89,31,normal
2026-05-09 03:33:42.686704,CR-01,porto,108,0.84,39,critico
2026-05-09 03:32:42.686704,CR-01,pelotizacao,88,2.97,54,normal
2026-05-09 03:31:42.686704,TR-01,ferrovia,73,0.64,85,normal
2026-05-09 03:30:42.686704,CV-01,porto,101,1.82,49,critico
2026-05-09 03:29:42.686704,CV-01,ferrovia,94,1.64,33,normal
2026-05-09 03:28:42.686704,CV-01,porto,83,4.92,68,critico
2026-05-09 03:27:42.686704,TR-02,pelotizacao,81,0.63,27,normal
2026-05-09 03:26:42.686704,TR-01,porto,88,1.61,32,normal
2026-05-09 03:25:42.686704,CV-01,pelotizacao,83,3.32,50,normal
2026-05-09 03:24:42.686704,TR-01,porto,63,1.56,66,normal
2026-05-09 03:23:42.686704,CR-01,porto,77,1.15,51,normal
2026-05-09 03:22:42.686704,CV-01,pelotizacao,118,4.27,52,critico
2026-05-09 03:21:42.686704,CR-01,ferrovia,102,0.15,74,critico
2026-05-09 03:20:42.686704,TR-02,porto,90,1.3,93,normal
2026-05-09 03:19:42.686704,TR-02,pelotizacao,72,4.7,89,critico
2026-05-09 03:18:42.686704,TR-02,porto,83,3.26,93,normal
2026-05-09 03:17:42.686704,TR-02,porto,109,0.25,51,critico
2026-05-09 03:16:42.686704,CV-01,pelotizacao,72,3.06,52,normal
2026-05-09 03:15:42.686704,CV-01,pelotizacao,85,0.49,68,normal
2026-05-09 03:14:42.686704,TR-02,porto,94,1.13,50,normal
2026-05-09 03:13:42.686704,CV-01,ferrovia,106,4.97,63,critico
2026-05-09 03:12:42.686704,TR-02,ferrovia,117,0.43,85,critico
2026-05-09 03:11:42.686704,CV-01,pelotizacao,66,4.26,98,critico
2026-05-09 03:10:42.686704,CV-01,porto,109,4.89,66,critico
2026-05-09 03:09:42.686704,TR-02,porto,96,3.25,88,normal
2026-05-09 03:08:42.686704,TR-01,porto,94,3.95,70,normal
2026-05-09 03:07:42.686704,TR-02,ferrovia,119,2.73,82,critico
2026-05-09 03:06:42.686704,CV-01,porto,110,4.29,57,critico
2026-05-09 03:05:42.686704,CR-01,ferrovia,86,2.1,98,normal
2026-05-09 03:04:42.686704,CR-01,ferrovia,108,1.76,25,critico
2026-05-09 03:03:42.686704,CR-01,porto,91,1.56,58,normal
2026-05-09 03:02:42.686704,CR-01,pelotizacao,61,0.83,29,normal
2026-05-09 03:01:42.686704,CR-01,ferrovia,79,2.65,26,normal
2026-05-09 03:00:42.686704,CR-01,pelotizacao,60,0.85,77,normal
2026-05-09 02:59:42.686704,TR-02,ferrovia,108,0.71,87,critico
2026-05-09 02:58:42.686704,TR-02,pelotizacao,94,0.89,24,normal
2026-05-09 02:57:42.686704,TR-02,porto,110,0.5,43,critico
2026-05-09 02:56:42.686704,CR-01,porto,85,3.32,45,normal
2026-05-09 02:55:42.686704,TR-01,ferrovia,102,3.02,40,critico
2026-05-09 02:54:42.686704,TR-02,porto,117,1.67,79,critico
2026-05-09 02:53:42.686704,CR-01,porto,120,3.4,97,critico
2026-05-09 02:52:42.686704,TR-01,porto,87,4.31,54,critico
2026-05-09 02:51:42.686704,CV-01,porto,103,2.59,87,critico
2026-05-09 02:50:42.686704,CR-01,porto,71,2.54,42,normal
2026-05-09 02:49:42.686704,CR-01,porto,84,0.31,69,normal
2026-05-09 02:48:42.686704,TR-02,porto,102,3.95,76,critico
2026-05-09 02:47:42.686704,TR-01,ferrovia,116,3.3,25,critico
2026-05-09 02:46:42.686704,TR-01,ferrovia,96,0.43,99,normal
2026-05-09 02:45:42.686704,CR-01,porto,73,0.98,24,normal
2026-05-09 02:44:42.686704,CV-01,pelotizacao,113,4.71,80,critico
2026-05-09 02:43:42.686704,CV-01,porto,97,2.01,47,normal
2026-05-09 02:42:42.686704,TR-02,pelotizacao,73,2.34,22,normal
2026-05-09 02:41:42.686704,TR-02,ferrovia,84,0.96,98,normal
2026-05-09 02:40:42.686704,TR-01,pelotizacao,98,1.49,62,normal
2026-05-09 02:39:42.686704,TR-02,porto,67,0.76,86,normal
2026-05-09 02:38:42.686704,TR-02,pelotizacao,78,3.92,58,normal
2026-05-09 02:37:42.686704,TR-02,porto,109,1.21,33,critico
2026-05-09 02:36:42.686704,CR-01,pelotizacao,78,1.74,42,normal
2026-05-09 02:35:42.686704,CV-01,pelotizacao,77,4.62,67,critico
2026-05-09 02:34:42.686704,CV-01,porto,77,2.78,64,normal
2026-05-09 02:33:42.686704,TR-01,porto,72,0.31,67,normal
2026-05-09 02:32:42.686704,CV-01,ferrovia,71,4.91,24,critico
2026-05-09 02:31:42.686704,TR-01,pelotizacao,111,2.62,46,critico
2026-05-09 02:30:42.686704,TR-02,porto,117,1.36,60,critico
2026-05-09 02:29:42.686704,TR-01,pelotizacao,120,4.99,100,critico
2026-05-09 02:28:42.686704,CR-01,porto,112,3.24,20,critico
2026-05-09 02:27:42.686704,TR-02,porto,69,0.81,57,normal
2026-05-09 02:26:42.686704,TR-01,porto,97,1.82,42,normal
2026-05-09 02:25:42.686704,CR-01,pelotizacao,90,2.42,97,normal
2026-05-09 02:24:42.686704,TR-01,ferrovia,72,4.52,21,critico
2026-05-09 02:23:42.686704,TR-01,pelotizacao,67,0.86,30,normal
2026-05-09 02:22:42.686704,TR-01,porto,117,1.14,42,critico
2026-05-09 02:21:42.686704,TR-02,pelotizacao,101,4.73,60,critico
2026-05-09 02:20:42.686704,TR-01,porto,72,0.65,86,normal
2026-05-09 02:19:42.686704,CV-01,ferrovia,80,3.19,63,normal
2026-05-09 02:18:42.686704,CR-01,ferrovia,70,4.96,54,critico
2026-05-09 02:17:42.686704,CR-01,ferrovia,81,4.41,72,critico
2026-05-09 02:16:42.686704,CV-01,pelotizacao,67,4.74,27,critico
2026-05-09 02:15:42.686704,TR-02,pelotizacao,118,0.26,43,critico
2026-05-09 02:14:42.686704,CR-01,pelotizacao,90,2.86,73,normal
2026-05-09 02:13:42.686704,CR-01,porto,65,5.0,88,critico
2026-05-09 02:12:42.686704,CV-01,porto,83,1.88,49,normal
2026-05-09 02:11:42.686704,CV-01,ferrovia,70,0.84,26,normal
2026-05-09 02:10:42.686704,CR-01,ferrovia,71,1.22,65,normal
2026-05-09 02:09:42.686704,CV-01,ferrovia,89,2.8,34,normal
2026-05-09 02:08:42.686704,CV-01,ferrovia,95,1.33,58,normal
2026-05-09 02:07:42.686704,CV-01,pelotizacao,99,0.94,28,normal
2026-05-09 02:06:42.686704,CV-01,ferrovia,101,2.24,73,critico
2026-05-09 02:05:42.686704,CR-01,pelotizacao,69,2.6,70,normal
2026-05-09 02:04:42.686704,CR-01,porto,80,1.37,37,normal
2026-05-09 02:03:42.686704,CV-01,porto,96,1.25,24,normal
2026-05-09 02:02:42.686704,TR-01,pelotizacao,107,4.0,77,critico
2026-05-09 02:01:42.686704,TR-02,pelotizacao,84,4.81,22,critico
2026-05-09 02:00:42.686704,TR-02,porto,99,3.34,27,normal
2026-05-09 01:59:42.686704,TR-02,ferrovia,79,0.92,33,normal
2026-05-09 01:58:42.686704,TR-02,porto,101,0.25,23,critico
2026-05-09 01:57:42.686704,TR-01,porto,81,2.97,64,normal
2026-05-09 01:56:42.686704,TR-01,ferrovia,93,3.24,31,normal
2026-05-09 01:55:42.686704,TR-01,porto,114,3.2,78,critico
2026-05-09 01:54:42.686704,TR-02,ferrovia,98,4.95,64,critico
2026-05-09 01:53:42.686704,TR-02,ferrovia,84,0.98,27,normal
2026-05-09 01:52:42.686704,TR-02,porto,93,3.47,48,normal
2026-05-09 01:51:42.686704,TR-01,porto,94,0.35,50,normal
2026-05-09 01:50:42.686704,CV-01,porto,119,3.84,88,critico
2026-05-09 01:49:42.686704,CV-01,ferrovia,82,0.62,32,normal
2026-05-09 01:48:42.686704,CR-01,porto,63,1.21,65,normal
2026-05-09 01:47:42.686704,CV-01,pelotizacao,107,3.23,46,critico
2026-05-09 01:46:42.686704,TR-02,ferrovia,109,0.38,68,critico
2026-05-09 01:45:42.686704,TR-02,ferrovia,94,3.45,55,normal
2026-05-09 01:44:42.686704,CV-01,ferrovia,113,2.88,94,critico
2026-05-09 01:43:42.686704,TR-01,porto,102,2.09,87,critico
2026-05-09 01:42:42.686704,CV-01,ferrovia,115,2.39,21,critico
2026-05-09 01:41:42.686704,CV-01,porto,62,0.61,54,normal
2026-05-09 01:40:42.686704,CV-01,ferrovia,74,3.45,62,normal
2026-05-09 01:39:42.686704,CR-01,pelotizacao,85,4.93,97,critico
2026-05-09 01:38:42.686704,CV-01,porto,64,3.37,46,normal
2026-05-09 01:37:42.686704,CR-01,pelotizacao,63,0.19,35,normal
2026-05-09 01:36:42.686704,CR-01,pelotizacao,68,1.24,44,normal
2026-05-09 01:35:42.686704,TR-01,pelotizacao,77,3.99,48,normal
2026-05-09 01:34:42.686704,TR-02,porto,113,4.47,60,critico
2026-05-09 01:33:42.686704,TR-01,ferrovia,75,0.12,68,normal
2026-05-09 01:32:42.686704,CR-01,ferrovia,70,1.94,65,normal
2026-05-09 01:31:42.686704,TR-02,pelotizacao,111,2.55,44,critico
2026-05-09 01:30:42.686704,CV-01,pelotizacao,93,1.46,28,normal
2026-05-09 01:29:42.686704,CR-01,porto,100,1.27,79,normal
2026-05-09 01:28:42.686704,TR-01,ferrovia,64,0.5,59,normal
2026-05-09 01:27:42.686704,TR-02,porto,110,4.09,46,critico
2026-05-09 01:26:42.686704,TR-01,ferrovia,67,3.5,47,normal
2026-05-09 01:25:42.686704,CR-01,porto,104,3.22,89,critico
2026-05-09 01:24:42.686704,CR-01,pelotizacao,118,0.35,95,critico
2026-05-09 01:23:42.686704,TR-02,ferrovia,61,3.05,33,normal
2026-05-09 01:22:42.686704,CR-01,pelotizacao,111,4.64,26,critico
2026-05-09 01:21:42.686704,CV-01,ferrovia,84,4.41,74,critico
2026-05-09 01:20:42.686704,CV-01,pelotizacao,63,0.68,63,normal
2026-05-09 01:19:42.686704,TR-02,ferrovia,75,1.67,39,normal
2026-05-09 01:18:42.686704,CV-01,pelotizacao,89,0.35,53,normal
2026-05-09 01:17:42.686704,TR-02,ferrovia,99,1.02,76,normal
2026-05-09 01:16:42.686704,CV-01,pelotizacao,66,2.16,31,normal
2026-05-09 01:15:42.686704,CV-01,porto,112,1.06,47,critico
2026-05-09 01:14:42.686704,CR-01,porto,104,1.58,51,critico
2026-05-09 01:13:42.686704,TR-02,pelotizacao,113,1.91,48,critico
2026-05-09 01:12:42.687703,TR-02,pelotizacao,96,1.69,95,normal
2026-05-09 01:11:42.687703,CR-01,porto,88,4.53,57,critico
2026-05-09 01:10:42.687703,TR-01,pelotizacao,98,0.57,28,normal
2026-05-09 01:09:42.687703,TR-02,porto,98,0.64,49,normal
2026-05-09 01:08:42.687703,TR-02,ferrovia,94,1.72,54,normal
2026-05-09 01:07:42.687703,CV-01,porto,78,2.81,95,normal
2026-05-09 01:06:42.687703,TR-02,ferrovia,84,1.45,45,normal
2026-05-09 01:05:42.687703,CV-01,ferrovia,111,0.7,34,critico
2026-05-09 01:04:42.687703,CV-01,ferrovia,84,3.79,45,normal
2026-05-09 01:03:42.687703,CV-01,porto,100,3.51,84,normal
2026-05-09 01:02:42.687703,CR-01,pelotizacao,104,0.7,34,critico
2026-05-09 01:01:42.687703,CV-01,porto,89,3.33,38,normal
2026-05-09 01:00:42.687703,TR-01,pelotizacao,118,0.56,56,critico
2026-05-09 00:59:42.687703,TR-02,porto,65,2.5,30,normal
2026-05-09 00:58:42.687703,CV-01,porto,62,2.73,34,normal
2026-05-09 00:57:42.687703,TR-02,pelotizacao,102,1.77,61,critico
2026-05-09 00:56:42.687703,TR-02,porto,64,0.38,55,normal
2026-05-09 00:55:42.687703,CR-01,ferrovia,84,1.09,49,normal
2026-05-09 00:54:42.687703,TR-01,pelotizacao,109,0.94,86,critico
2026-05-09 00:53:42.687703,CR-01,ferrovia,105,0.57,84,critico
2026-05-09 00:52:42.687703,TR-01,pelotizacao,115,4.31,21,critico
2026-05-09 00:51:42.687703,TR-01,pelotizacao,73,0.11,94,normal
2026-05-09 00:50:42.687703,TR-02,pelotizacao,92,2.24,41,normal
2026-05-09 00:49:42.687703,CV-01,porto,115,0.84,22,critico
2026-05-09 00:48:42.687703,TR-01,ferrovia,83,3.1,58,normal
2026-05-09 00:47:42.687703,CV-01,ferrovia,66,2.81,47,normal
2026-05-09 00:46:42.687703,TR-02,porto,73,4.51,64,critico
2026-05-09 00:45:42.687703,CR-01,porto,69,1.56,51,normal
2026-05-09 00:44:42.687703,TR-02,porto,106,4.63,33,critico
2026-05-09 00:43:42.687703,TR-02,porto,98,2.96,90,normal
2026-05-09 00:42:42.687703,TR-01,ferrovia,112,0.58,65,critico
2026-05-09 00:41:42.687703,TR-01,porto,70,3.16,82,normal
2026-05-09 00:40:42.687703,TR-02,pelotizacao,115,4.28,37,critico
2026-05-09 00:39:42.687703,TR-01,ferrovia,61,0.65,98,normal
2026-05-09 00:38:42.687703,TR-02,pelotizacao,112,3.02,94,critico
2026-05-09 00:37:42.687703,CV-01,ferrovia,80,2.99,76,normal
2026-05-09 00:36:42.687703,TR-02,porto,69,1.87,70,normal
2026-05-09 00:35:42.687703,TR-01,pelotizacao,115,1.4,87,critico
2026-05-09 00:34:42.687703,CV-01,porto,62,2.26,61,normal
2026-05-09 00:33:42.687703,CR-01,pelotizacao,88,2.95,84,normal
2026-05-09 00:32:42.687703,TR-01,ferrovia,79,2.23,40,normal
2026-05-09 00:31:42.687703,TR-01,porto,101,4.24,56,critico
2026-05-09 00:30:42.687703,TR-02,ferrovia,66,3.53,30,normal
2026-05-09 00:29:42.687703,CV-01,porto,83,2.01,61,normal
2026-05-09 00:28:42.687703,TR-01,pelotizacao,92,2.75,41,normal
2026-05-09 00:27:42.687703,CR-01,ferrovia,93,0.73,87,normal
2026-05-09 00:26:42.687703,TR-01,pelotizacao,89,1.02,81,normal
2026-05-09 00:25:42.687703,CV-01,porto,99,1.95,40,normal
2026-05-09 00:24:42.687703,TR-02,ferrovia,100,4.52,92,critico
2026-05-09 00:23:42.687703,CR-01,pelotizacao,93,1.93,90,normal
2026-05-09 00:22:42.687703,TR-01,ferrovia,116,2.92,93,critico
2026-05-09 00:21:42.687703,TR-01,ferrovia,89,4.57,30,critico
2026-05-09 00:20:42.687703,CV-01,porto,69,2.96,42,normal
2026-05-09 00:19:42.687703,TR-02,pelotizacao,62,3.54,55,normal
2026-05-09 00:18:42.687703,TR-02,porto,97,2.88,70,normal
2026-05-09 00:17:42.687703,TR-01,pelotizacao,62,3.59,36,normal
2026-05-09 00:16:42.687703,TR-02,pelotizacao,74,4.1,57,critico
2026-05-09 00:15:42.687703,CV-01,porto,102,0.86,29,critico
2026-05-09 00:14:42.687703,CV-01,pelotizacao,74,3.7,76,normal
2026-05-09 00:13:42.687703,CR-01,porto,74,1.04,86,normal
2026-05-09 00:12:42.687703,CV-01,pelotizacao,112,1.04,21,critico
2026-05-09 00:11:42.687703,CV-01,porto,63,0.81,88,normal
2026-05-09 00:10:42.687703,CV-01,ferrovia,93,1.62,49,normal
2026-05-09 00:09:42.687703,CV-01,ferrovia,112,1.97,66,critico
2026-05-09 00:08:42.687703,CV-01,ferrovia,74,0.32,20,normal
2026-05-09 00:07:42.687703,CV-01,porto,89,3.58,80,normal
2026-05-09 00:06:42.687703,CV-01,porto,61,0.89,66,normal
2026-05-09 00:05:42.687703,TR-01,porto,77,2.46,65,normal
2026-05-09 00:04:42.687703,TR-02,porto,109,0.66,44,critico
2026-05-09 00:03:42.687703,CR-01,ferrovia,100,3.67,98,normal
2026-05-09 00:02:42.687703,TR-01,porto,116,2.53,40,critico
2026-05-09 00:01:42.687703,CV-01,porto,98,0.24,86,normal
2026-05-09 00:00:42.687703,CR-01,ferrovia,104,3.52,56,critico
2026-05-08 23:59:42.687703,TR-01,ferrovia,67,2.45,32,normal
2026-05-08 23:58:42.687703,CR-01,pelotizacao,107,2.47,75,critico
2026-05-08 23:57:42.687703,CR-01,ferrovia,96,4.8,28,critico
2026-05-08 23:56:42.687703,TR-01,ferrovia,76,0.53,91,normal
2026-05-08 23:55:42.687703,TR-02,pelotizacao,114,1.61,52,critico
2026-05-08 23:54:42.687703,TR-01,ferrovia,102,3.64,86,critico
2026-05-08 23:53:42.687703,TR-01,porto,79,3.58,59,normal
2026-05-08 23:52:42.687703,CR-01,pelotizacao,85,2.33,43,normal
2026-05-08 23:51:42.687703,CR-01,porto,120,4.93,26,critico
2026-05-08 23:50:42.687703,CV-01,pelotizacao,99,1.96,64,normal
2026-05-08 23:49:42.687703,TR-02,ferrovia,70,2.16,46,normal
2026-05-08 23:48:42.687703,TR-02,porto,82,2.12,43,normal
2026-05-08 23:47:42.687703,TR-01,pelotizacao,111,0.98,77,critico
2026-05-08 23:46:42.687703,CR-01,pelotizacao,79,3.39,25,normal
2026-05-08 23:45:42.687703,CR-01,pelotizacao,60,0.28,73,normal
